date,produit,region,quantite,prix_unitaire,chiffre_affaires
2025-01-01,Laptop,Sud,3,1027,3081
2025-01-04,Ecran,Centre,12,1077,12924
2025-01-07,Tablette,Sud,2,330,660
2025-01-10,Telephone,Sud,13,1080,14040
2025-01-13,Telephone,Centre,12,209,2508
2025-01-16,Ecran,Sud,2,661,1322
2025-01-19,Laptop,Nord,15,605,9075
2025-01-22,Tablette,Centre,8,433,3464
2025-01-25,Laptop,Sud,15,104,1560
2025-01-28,Laptop,Sud,1,944,944
2025-01-31,Tablette,Sud,4,455,1820
2025-02-03,Ecran,Sud,10,821,8210
2025-02-06,Tablette,Nord,4,539,2156
2025-02-09,Ecran,Sud,7,498,3486
2025-02-12,Tablette,Centre,13,1072,13936
2025-02-15,Ecran,Nord,3,185,555
2025-02-18,Tablette,Sud,13,905,11765
2025-02-21,Laptop,Nord,2,916,1832
2025-02-24,Ecran,Sud,4,505,2020
2025-02-27,Telephone,Sud,12,373,4476
2025-03-02,Tablette,Centre,16,85,1360
2025-03-05,Telephone,Nord,4,1129,4516
2025-03-08,Laptop,Nord,6,1141,6846
2025-03-11,Ecran,Sud,18,349,6282
2025-03-14,Ecran,Centre,19,115,2185
2025-03-17,Tablette,Centre,12,217,2604
2025-03-20,Telephone,Nord,9,155,1395
2025-03-23,Ecran,Nord,7,1010,7070
2025-03-26,Tablette,Centre,12,1078,12936
2025-03-29,Telephone,Nord,12,251,3012
2025-04-01,Telephone,Centre,6,916,5496
2025-04-04,Laptop,Nord,1,280,280
2025-04-07,Laptop,Centre,3,491,1473
2025-04-10,Tablette,Nord,19,751,14269
2025-04-13,Ecran,Sud,8,886,7088
2025-04-16,Laptop,Sud,10,1059,10590
2025-04-19,Ecran,Nord,9,130,1170
2025-04-22,Ecran,Sud,15,300,4500
2025-04-25,Telephone,Sud,2,394,788
2025-04-28,Tablette,Centre,2,427,854
2025-05-01,Laptop,Centre,6,1197,7182
2025-05-04,Ecran,Sud,10,950,9500
2025-05-07,Tablette,Sud,13,438,5694
2025-05-10,Telephone,Sud,10,1168,11680
2025-05-13,Laptop,Sud,9,639,5751
2025-05-16,Ecran,Centre,18,640,11520
2025-05-19,Telephone,Nord,4,565,2260
2025-05-22,Ecran,Nord,11,241,2651
2025-05-25,Tablette,Sud,11,1126,12386
2025-05-28,Ecran,Nord,9,95,855
2025-05-31,Ecran,Nord,16,275,4400
2025-06-03,Laptop,Nord,6,337,2022
2025-06-06,Telephone,Centre,19,392,7448
2025-06-09,Telephone,Centre,7,227,1589
2025-06-12,Telephone,Centre,11,100,1100
2025-06-15,Laptop,Sud,10,838,8380
2025-06-18,Tablette,Centre,17,1165,19805
2025-06-21,Laptop,Nord,9,216,1944
2025-06-24,Tablette,Centre,6,412,2472
2025-06-27,Tablette,Sud,1,647,647
2025-06-30,Ecran,Centre,7,1118,7826
2025-07-03,Tablette,Nord,16,857,13712
2025-07-06,Telephone,Sud,1,938,938
2025-07-09,Ecran,Centre,18,730,13140
2025-07-12,Telephone,Sud,11,547,6017
2025-07-15,Telephone,Sud,3,303,909
2025-07-18,Ecran,Nord,6,1048,6288
2025-07-21,Telephone,Sud,11,980,10780
2025-07-24,Laptop,Nord,6,108,648
2025-07-27,Telephone,Nord,3,881,2643
2025-07-30,Ecran,Centre,13,174,2262
2025-08-02,Laptop,Sud,13,907,11791
2025-08-05,Telephone,Sud,3,1005,3015
2025-08-08,Laptop,Sud,6,226,1356
2025-08-11,Tablette,Centre,5,565,2825
2025-08-14,Telephone,Nord,13,218,2834
2025-08-17,Telephone,Sud,14,715,10010
2025-08-20,Laptop,Nord,14,1118,15652
2025-08-23,Tablette,Sud,18,170,3060
2025-08-26,Tablette,Centre,15,525,7875
2025-08-29,Ecran,Sud,7,1169,8183
2025-09-01,Telephone,Centre,3,417,1251
2025-09-04,Laptop,Sud,12,228,2736
2025-09-07,Ecran,Centre,18,627,11286
2025-09-10,Tablette,Sud,19,649,12331
2025-09-13,Tablette,Nord,5,822,4110
2025-09-16,Laptop,Centre,5,431,2155
2025-09-19,Telephone,Centre,1,1150,1150
2025-09-22,Ecran,Nord,3,663,1989
2025-09-25,Ecran,Centre,11,400,4400
2025-09-28,Telephone,Nord,11,1155,12705
2025-10-01,Ecran,Centre,8,1115,8920
2025-10-04,Ecran,Centre,6,639,3834
2025-10-07,Telephone,Sud,16,107,1712
2025-10-10,Ecran,Centre,9,748,6732
2025-10-13,Telephone,Nord,16,701,11216
2025-10-16,Laptop,Nord,19,245,4655
2025-10-19,Tablette,Nord,7,790,5530
2025-10-22,Tablette,Sud,4,1021,4084
2025-10-25,Laptop,Centre,19,198,3762
2025-10-28,Ecran,Nord,13,890,11570
2025-10-31,Laptop,Sud,6,237,1422
2025-11-03,Ecran,Centre,12,918,11016
2025-11-06,Laptop,Nord,10,549,5490
2025-11-09,Ecran,Centre,18,87,1566
2025-11-12,Ecran,Nord,5,1162,5810
2025-11-15,Ecran,Centre,19,265,5035
2025-11-18,Tablette,Sud,18,747,13446
2025-11-21,Telephone,Sud,4,283,1132
2025-11-24,Tablette,Nord,4,1124,4496
2025-11-27,Telephone,Sud,11,906,9966
2025-11-30,Ecran,Centre,1,980,980
2025-12-03,Tablette,Nord,6,563,3378
2025-12-06,Telephone,Centre,9,603,5427
2025-12-09,Tablette,Sud,19,790,15010
2025-12-12,Tablette,Centre,19,958,18202
2025-12-15,Laptop,Sud,3,1028,3084
2025-12-18,Laptop,Sud,17,99,1683
2025-12-21,Laptop,Nord,2,823,1646
2025-12-24,Laptop,Sud,15,202,3030
